,pred_act
ED_shift1,2466.4297
N_to_S,1938.7665
NQ_to_A,837.86804
N_to_T,1405.2107
Msn2_370,407.61926
LIVFWY_deletion_from61,1121.79
Msn2_150_350,1549.461
MotA_NLS,288.72116
Msn2_kLac_m_Tail,1258.4978
rep3x4,271.2304
90_chargedaa_to_F,650.9514
LIVFWY_deletion_from81,1866.2709
P_to_A,2170.717
Msn2_200,1628.9043
Msn2,2335.6523
KR_to_A,3964.1335
90_chargedaa_to_random_3,720.6343
LIV_cluster1,676.24524
NQ_deletion,1747.5359
ED_shift2,2484.7805
LIV_random1,1271.9144
N_to_H,1301.5856
Msn2_cGla_m2_Tail,2313.5378
MotA_4rep1,1995.6343
Msn2_604,176.20267
Msn2_420,354.4425
rep5,249.98111
FWY_to_L,1717.9469
FWY_to_I,1479.1492
FWY_random3,2235.795
Msn2_350_550,1741.2844
D_nextto_N,1451.4476
Msn2_250_642,924.5164
Msn2_250_550,880.3619
G_P_deletion,2233.3115
Msn2_150_450,1106.5641
90_D_charged,4635.211
Q_nextto_N,1087.7701
NS_swapped,1985.4598
T_nextto_N,1232.6947
Msn2_Zfonly,140.0083
LIVFWY_deletion_to111,565.8412
70p_30n_chargeratio,656.01807
R_nextto_N,698.09534
rep0x2,1304.215
ST_deletion,3613.5667
Msn2_lWal_m_Tail,1341.3654
rep4,129.75568
Msn2_sKud_m4_Tail,2742.833
ED_random1,1057.8523
LIVFWY_deletion_to31,1795.0332
FWY_to_A,791.57477
S_to_A,1912.8508
LIVFWY_deletion_from21,650.1129
LIVFWY_deletion_to91,669.4267
rep8x3,222.09164
Y_nextto_N,2323.6787
Msn2_Scramble30,2552.7083
G_to_A,2178.8555
Msn2_520,132.38089
LIVFWY_deletion_to71,951.868
rep1x4,569.16693
LIVFWY_deletion_from101,2179.0864
80p_20n_chargeratio,641.81244
raax4,272.73297
FWY_cluster3,943.2353
FWY_shift,2189.8562
N_to_R,692.20874
Msn2_250_450,1126.1279
G_is_placed_next_to_N,1261.1265
Msn2_dMotA,1805.7445
LIVFWY_deletion_to51,1528.6923
rep1x3,455.9547
Start_3rep1,880.70526
90_chargedaa_to_random_2,714.18225
PG_shift,2130.5627
Msn2_450_642,2147.277
20p_80n_chargeratio,1666.2878
Msn2_470,278.37466
S_nextto_N,1196.8572
NQ_shift,1950.6879
FWY_cluster2,854.45996
Msn2_sKud_m2_Tail,2204.746
E_nextto_N,1176.4976
rep5x3,1716.8323
LIVFWY_deletion_to11,1972.5889
Msn2_sBay_m2_Tail,513.8573
rep1,153.4996
10p_90n_chargeratio,3647.2656
Msn2_sCas_m2_Tail,1612.4502
DE_to_Q,671.18494
N_to_E,2585.6963
LIV_cluster3,663.4397
rep5x2,1107.5299
DE_to_A,647.0089
rep8x4,268.776
Msn2_sCerm4T,2791.4468
Msn2_sCas_m4_Tail,2082.289
P_is_placed_next_to_N,946.2264
Msn2_570,208.42412
A_nextto_N,1305.1761
rep1x2,304.22055
Left_positive_right_negative,3412.8406
Msn2_dZF,2404.425
rep0,288.72116
LIVFWY_deletion_from41,1090.1597
randomaa,128.84894
90p_10n_chargeratio,626.7955
50p_50n_chargeratio,770.5272
rep4x3,236.89182
DE_spread,1480.8003
DEKR_to_Q,744.74225
ED_random2,2220.267
charged_random_cluster_2,697.84265
LIV_cluster2,700.30884
Msn2_150_550,774.6377
90_chargedaa_to_N,840.33386
rep8x2,175.42499
ED_random3,938.80176
Msn2_sMik_m2_Tail,2389.8252
DE_to_N,703.66187
N_to_Y,861.04724
N_to_G,2056.6013
MotA_3rep1,1444.0198
N_to_D,3162.2126
Msn2_Scramble2,2979.5215
90_E_charged,3932.7168
rep8,128.7789
Msn2_dGal11,2335.6523
Msn2_sBay_m4_Tail,2718.1875
30p_70n_chargeratio,2064.423
FWY_deletion,773.4198
60p_40n_chargeratio,718.4491
raax2,176.7383
90_chargedaa_to_A,666.4005
Msn2_dMotB,1712.6511
MSN2_start_nls,81.80135
Msn2_320,739.18506
MSN2WT,2335.6523
rep0x4,2714.6404
Msn2_sKlu_m_Tail,1208.1119
Msn2_cGla_m4_Tail,2171.65
LI_shift,2035.4226
Msn2_dTAD,796.07385
Msn2_Scramble1,2140.2756
ED_cluster2,674.4204
N_to_Q,1834.064
Msn2_135,1667.603
40p_60n_chargeratio,1379.7585
rep5x4,2347.7698
L_to_A,732.4201
LIV_deletion,570.74194
ED_deletion,605.8955
S_shift,2172.6777
Msn2_Scramble10,2848.5142
Msn2_Scramble3,2412.2764
LIVFWY_deletion,506.16687
rep4x2,183.22934
